id,email
1,Ana@meuemail.com
2,Maria@meuemail.com
3,Paulo_Marcos@meuemail.com
4,Joelsi@meuemail.com
5,Ana_Paula@meuemail.com
6,Maria_Joana@meuemail.com
7,Paulo@meuemail.com
8,Joelma@meuemail.com
9,Paula@meuemail.com
10,Joana@meuemail.com
11,Paulo_Sergio@meuemail.com
12,Joel@meuemail.com
13,Anaelize@meuemail.com
14,Mariana@meuemail.com
15,Paulo_Cesar@meuemail.com
16,Jo@meuemail.com
17,Ana_Maria@meuemail.com
18,Mariane@meuemail.com
19,Paulo_Ricardo@meuemail.com
20,Zoelma@meuemail.com
21,Beatriz@meuemail.com
22,Carla@meuemail.com
23,Jose@meuemail.com
24,Debora@meuemail.com
25,Bea@meuemail.com
26,Carlota@meuemail.com
27,Jose_Pedro@meuemail.com
28,Deby@meuemail.com
29,Belatriz@meuemail.com
30,Carlina@meuemail.com
31,Jose_Lucas@meuemail.com
32,Deborah@meuemail.com
33,Bina@meuemail.com
34,Carly@meuemail.com
35,Jenoino@meuemail.com
36,Debi@meuemail.com
37,Bia@meuemail.com
38,Cida@meuemail.com
39,Jonas@meuemail.com
40,Evelyn@meuemail.com
41,Sandra@meuemail.com
42,Eve@meuemail.com
43,Jon@meuemail.com
44,Sandy@meuemail.com
45,Selly@meuemail.com
46,Samy@meuemail.com
47,John@meuemail.com
48,Kary@meuemail.com
49,Marcela@meuemail.com
50,Mary@meuemail.com
